<?xml version="1.0" encoding="UTF-8"?>
<project-private xmlns="http://www.netbeans.org/ns/project-private/1">
    <editor-bookmarks xmlns="http://www.netbeans.org/ns/editor-bookmarks/2" lastBookmarkId="0"/>
    <open-files xmlns="http://www.netbeans.org/ns/projectui-open-files/2">
        <group>
            <file>file:/C:/Users/SB00519010/Documents/NetBeansProjects/New%20folder/simulation/src/controller/MainController.java</file>
            <file>file:/C:/Users/SB00519010/Documents/NetBeansProjects/New%20folder/simulation/src/controller/tab/Tab1Controller.java</file>
            <file>file:/C:/Users/SB00519010/Documents/NetBeansProjects/New%20folder/simulation/src/controller/tab/Tab4Controller.java</file>
            <file>file:/C:/Users/SB00519010/Documents/NetBeansProjects/New%20folder/simulation/src/controller/tab/Tab3Controller.java</file>
            <file>file:/C:/Users/SB00519010/Documents/NetBeansProjects/New%20folder/simulation/src/application/Main.java</file>
        </group>
    </open-files>
</project-private>
